﻿Year,WeekOfYear,weekOfMonth,MonthOfYear,cloud_cover,sunshine,global_radiation,max_temp,mean_temp,min_temp,precipitation,pressure,snow_depth,Aloo Chaat,Aloo Gobi,Aloo Methi,Baingan Hari Mirch,Bengal Fish Biryani,Bengal Fish Karahi,Bengal Fry Fish,Bengal King Prawn,Bengal Salad,Bhindi Bhajee,Bhuna - Chicken,Bhuna - Chicken Tikka,Bhuna - King Prawn,Bhuna - Lamb,Bhuna - Prawn,Bombay Aloo,Bottle Coke,Bottle Diet Coke,Brinjal Bhajee,Butter Chicken,Cauliflower Bhajee,Chana Masala,Chapati,Chicken Achar,Chicken Balti,Chicken Biryani,Chicken Chaat,Chicken Chilli Garlic,Chicken Hari Mirch,Chicken Haryali,Chicken Karahi,Chicken Mysore,Chicken Pakora,Chicken Rezala,Chicken Roshni,Chicken Shashlick,Chicken Shashlick Curry,Chicken Sylhet,Chicken Tikka,Chicken Tikka (Main),Chicken Tikka Balti,Chicken Tikka Biryani,Chicken Tikka Chilli Masala,Chicken Tikka Garlic,Chicken Tikka Jalfrezi,Chicken Tikka Jeera,Chicken Tikka Karahi,Chicken Tikka Masala,Chicken Tikka Pasanda,Chicken Tikka Sizzler,COBRA ( LARGE ),COBRA (330ML),Curry - Chicken,Curry - Chicken Tikka,Curry - King Prawn,Curry - Lamb,Curry - Prawn,Curry Sauce,Dall Samba,Dhansak - Chicken,Dhansak - Chicken Tikka,Dhansak - King Prawn,Dhansak - Lamb,Dhansak - Prawn,Dhansak Sauce,Dupiaza - Chicken,Dupiaza - Chicken Tikka,Dupiaza - King Prawn,Dupiaza - Lamb,Dupiaza - Prawn,Egg Paratha,Egg Rice,French Fries,Garlic Naan,Garlic Rice,Green Salad,Hazary Lamb,Hazary Lamb Chilli Garlic,House Red wine 75cl,House white wine 75cl,Keema Naan,Keema Rice,King Prawn Balti,King Prawn Biryani,King Prawn Butterfly,King Prawn Hari Mirch,King Prawn Karahi,King Prawn Puree,King Prawn Shaslick,Korma - Chicken,Korma - Chicken Tikka,Korma - King Prawn,Korma - Lamb,Korma - Prawn,Korma Sauce,Kulcha Naan,Lal Mirch Chicken,Lal Mirch Lamb,Lamb Achar,Lamb Balti,Lamb Biryani,Lamb Chilli Garlic,Lamb Hari Mirch,Lamb Haryali,Lamb Karahi,Lamb Mysore,Lamb Rezala,Lamb Roshni,Lamb Shashlick,Lamb Shashlick Curry,Lamb Sylhet,Lamb Tikka,Lamb Tikka (Main),Lamb Tikka Balti,Lamb Tikka Biryani,Lamb Tikka Chilli Masala,Lamb Tikka Garlic,Lamb Tikka Jalfrezi,Lamb Tikka Jeera,Lamb Tikka Karahi,Lamb Tikka Masala,Lamb Tikka Pasanda,Lamb Tikka Sizzler,Lemon Rice,Lemonade 1.5 ltr,Lime Pickle,Madras - Chicken,Madras - Chicken Tikka,Madras - King Prawn,Madras - Lamb,Madras - Prawn,Madras Sauce,Mango Chutney,Masala Sauce,Meat Samosa,Methi - Chicken,Methi - Chicken Tikka,Methi - Lamb,Mint Sauce,Mixed Starter,Mixed Vegetable Curry,Mushroom - Chicken,Mushroom - Chicken Tikka,Mushroom - King Prawn,Mushroom - Lamb,Mushroom Bhajee,Mushroom Rice,Muttar Paneer,Onion Bhajee,Onion Chutney,Onion Naan,Onion Rice,Paneer Shaslick,Paneer Tikka Balti,Paneer Tikka Karahi,Paneer Tikka Masala,Paneer Tikka Sizzler,Paratha,Pathia - Chicken,Pathia - Chicken Tikka,Pathia - King Prawn,Pathia - Lamb,Pathia - Prawn,Perrier Water (750ml),Persian Chicken Biryani,Persian Lamb Biryani,Peshwari Naan,Pilau Rice,Plain Naan,Plain Papadum,Plain Rice,Prawn Balti,Prawn Biryani,Prawn Karahi,Prawn Puree,Puree,Raitha,Red Sauce,Rogon - Chicken,Rogon - Chicken Tikka,Rogon - King Prawn,Rogon - Lamb,Royal Paneer,Saag - Chicken,Saag - Chicken Tikka,Saag - King Prawn,Saag - Lamb,Saag - Prawn,Saag Aloo,Saag Bhajee,Saag Dall,Saag Paneer,Saag Rice,Sheek Kebab,Sheek Kebab (Main),Special Fried Rice,Spicy Papadum,Still Water (750ml),Stuffed Paratha,Tandoori Chicken (1/4),Tandoori Chicken (Main),Tandoori Chicken Masala,Tandoori Fish,Tandoori Fish (Main),Tandoori King Prawn Garlic,Tandoori King Prawn Masala,Tandoori Mixed Grill,Tandoori Roti,Tarka Dall,Vegetable Balti,Vegetable Biryani,Vegetable Karahi,Vegetable Mysore,Vegetable Rice,Vegetable Roll,Vindaloo - Chicken,Vindaloo - Chicken Tikka,Vindaloo - King Prawn,Vindaloo - Lamb,Vindaloo - Prawn,Vindaloo Sauce,Grand Total
2019,1,1,1,5.575539568,1.543345324,25.29136691,7.668884892,6.27176259,3.800179856,1.794244604,100290.5935,0,3,4,,1,1,,,,,1,3,4,,4,1,8,,,2,11,3,2,21,1,6,4,1,1,,,1,1,2,,,2,1,,4,10,1,5,,,1,,2,11,1,,1,,7,,,2,1,1,,1,,1,,,,3,,,1,1,,1,7,32,2,3,,,,3,6,2,,,,1,2,1,1,12,1,,1,3,5,2,,,1,2,2,1,,,1,1,,,1,,,3,1,1,,1,,1,,1,3,1,,,,2,6,1,1,2,,2,20,,9,1,,,20,2,3,,,,,4,7,,25,10,3,,2,1,2,2,,3,1,1,,,,,1,,5,36,34,84,22,,1,,5,,3,5,,,1,1,3,3,,,1,,12,1,,2,1,4,,4,2,,,,1,,1,2,1,,3,6,5,3,,,,3,,1,,,,,1,719
2019,2,2,1,7.819070905,0.398533007,18.14180929,8.727139364,6.254523227,4.549144254,0.297799511,101897.4083,0,1,5,1,3,,,,1,1,,1,1,1,2,1,8,1,,,5,,6,10,,1,7,4,4,,,,2,1,,2,2,1,,,3,1,3,,,3,,,13,,2,1,,4,,,3,2,1,,3,1,,1,,,3,,,,,,3,6,24,3,,1,2,,,4,2,,,2,,,,1,10,2,,1,1,4,1,1,,,2,1,,2,1,2,2,,1,,1,1,,1,2,3,,,1,,1,,,,2,1,2,7,2,,,,2,16,,5,,,,4,4,,,,,1,,7,,10,4,,1,2,1,,1,1,4,1,,,1,,,,,8,26,28,53,14,,,1,1,2,3,3,,,,1,4,1,,,1,,6,2,,4,5,4,1,9,1,,,,3,,1,,,3,4,2,4,,3,,2,5,2,,1,2,,,,496
2019,3,3,1,4.940594059,2.568811881,34.48019802,8.428465347,4.842079208,1.684405941,4.087623762,100529.802,0,,6,1,2,,,,,,1,1,5,,3,,11,3,,,7,3,3,17,1,5,2,3,1,1,,2,,1,,,5,,,3,5,2,5,2,,2,1,1,20,,2,5,,5,1,,4,1,1,1,,,1,,,1,4,1,1,1,1,1,7,2,26,2,,,,1,,10,2,,1,2,,,3,,18,,1,3,,2,3,,,,1,5,,,,,1,,,,,,1,1,1,,,,1,,,1,,,1,1,5,6,1,,2,1,1,20,2,11,,,,16,5,1,,,,,5,14,,23,13,1,1,1,,1,2,,4,1,,,1,,,1,,8,38,19,67,16,,2,,2,,3,6,1,,,1,4,4,,,,,9,1,2,4,,6,1,4,1,,1,2,2,2,,1,2,,3,4,5,1,3,2,,5,2,2,,,1,,,504
2019,4,4,1,6.423529412,1.022352941,27.48,12.22,7.617882353,4.086588235,1.043294118,101972.7529,0,1,9,2,3,3,,,,,4,,3,,4,,17,1,,1,11,2,7,22,,5,1,5,2,,,2,1,2,1,,1,1,,2,4,2,4,2,1,4,,,17,1,1,1,,4,1,1,5,1,,,3,,,,,,4,1,,,,1,2,4,24,4,1,,,,1,7,3,,,1,1,,1,1,16,1,1,2,1,2,1,2,1,,2,4,,,1,,,,1,3,,1,2,1,,2,,,,,2,4,2,,,2,3,8,1,,2,1,2,14,2,11,1,,1,16,5,2,,,,,2,16,1,21,5,2,3,1,,1,3,,5,2,1,,1,,,1,,15,46,39,49,13,1,,,4,,1,10,2,,,,3,2,,1,,,8,,,4,1,4,,6,3,,,1,4,1,1,,,,4,7,7,,3,,,2,,2,,,1,,,530
2019,5,1,1,6.270022883,1.555148741,36.24256293,5.946681922,5.391075515,3.380778032,1.713043478,101325.7895,0,,5,1,6,,,,1,1,1,4,1,1,1,,15,4,1,2,8,1,3,17,1,5,8,4,2,,,9,1,4,1,,3,2,1,8,7,3,6,3,,3,,,15,,1,5,1,7,,,3,2,3,,3,3,,1,,2,8,,,1,,,2,8,30,3,,,,,,11,5,,,,,,,1,24,,1,3,,,2,3,1,,,8,,2,,1,,,,,,,4,,,,,,1,,2,,,,1,1,4,4,2,,2,,1,24,2,11,,,1,18,3,,,,,,,9,,20,10,,1,,1,,2,1,3,,1,,,,1,,1,6,53,45,117,16,,,,7,1,4,8,1,,,5,2,1,,,1,,7,2,,7,3,6,,6,7,,1,1,3,3,1,2,2,2,6,5,3,1,4,,,4,,,1,,2,,,556
2019,6,2,2,5.28125,2.106875,44.43125,7.53875,3.4721875,-0.2175,1.44125,101304.0313,0,2,5,,4,,1,,,2,4,2,2,,,,12,3,,,10,1,4,27,,4,1,2,2,,,1,,3,,,3,1,,8,10,1,2,3,1,2,,1,15,2,2,,1,9,1,,3,,2,,3,3,,1,,,3,2,,,,,,2,34,4,2,,1,,,10,3,1,,,1,,,2,11,3,3,1,,1,,,,,2,6,1,,,2,2,,,,,,1,4,2,1,,,1,,1,,1,,3,,3,9,,1,4,,2,16,1,14,,,,9,5,2,1,,,,2,11,1,25,8,1,2,1,,1,3,1,5,1,,,,,,2,,12,49,47,81,24,,1,,2,1,7,6,1,,,,4,3,,,2,,12,1,4,8,1,7,,7,3,1,6,,3,1,,1,1,2,9,3,7,1,5,1,1,1,,7,,,2,,,392
2019,7,3,2,4.412568306,4.297814208,67.36338798,10.06174863,4.787978142,0.22704918,1.532240437,101403.5246,0,,5,,1,,,,1,1,1,2,6,,1,,16,4,,4,10,3,5,23,,3,5,1,3,2,1,1,3,1,,,3,1,1,2,4,5,7,1,,4,,1,16,1,1,,1,13,1,,2,,,1,7,2,1,1,1,1,5,,,1,1,,,2,37,2,,1,,,,7,2,,,,,,,,17,2,,,,3,,1,1,,2,6,,,,,1,,,1,1,,2,2,1,,,,1,,1,,,,1,,2,5,1,,2,,1,19,3,6,1,,,20,3,5,,,,,4,20,1,26,13,2,2,2,1,,2,,4,3,,,,,,1,,12,60,37,97,17,,1,,2,1,,8,4,,,3,5,1,,1,2,,17,4,2,,3,,2,2,7,,1,3,3,3,2,,2,1,6,1,7,,3,1,,4,2,5,2,,1,1,1,439
2019,8,4,2,3.724637681,5.229468599,82.66666667,5.331400966,3.099275362,0.01763285,0.157487923,102295.6763,0,2,3,,1,1,,,1,,2,3,2,,,,8,4,1,3,12,2,2,26,,3,4,3,2,1,,1,,1,1,,2,2,1,5,7,1,5,2,,4,,4,19,1,,,1,6,,,4,1,1,,3,1,,,,,7,1,,2,,,2,6,16,,1,1,,2,,7,3,,1,,1,,1,1,16,2,,,,1,1,2,,,,2,2,,2,1,,1,,,,,3,2,2,,,,,,3,1,1,,,1,,8,4,,3,,,17,,11,,,1,8,6,1,1,,,,1,7,2,17,8,,3,2,1,1,2,,4,1,,,1,,,,,21,42,38,63,20,1,1,2,3,3,2,4,1,,,,3,,,,,,3,3,1,2,3,2,,6,2,,1,2,1,,,1,,,5,2,4,,2,,1,2,2,1,,,4,1,,529
2019,9,1,2,7.171875,1.3359375,51.16210938,6.059179688,0.446289062,-2.727929688,0.7046875,100013.5352,0.107421875,2,5,,3,,,,,1,4,2,2,,3,2,12,4,2,1,8,1,,17,,3,2,3,1,1,,2,,3,,,1,,,5,8,2,4,1,2,5,,1,25,1,2,1,3,7,1,1,1,1,,,3,2,,,1,,6,,,,1,,3,8,21,2,2,,,,,11,6,,1,1,1,,1,2,23,,,,,2,1,1,,1,,8,,,,2,1,,,1,,2,2,1,2,1,,,,,,,,,1,,2,8,1,,4,,,20,1,15,,,,14,7,2,,1,,,1,11,1,27,7,,2,,,1,,,3,3,,,,,,,,10,54,45,94,20,,,,12,,1,7,,,,1,4,1,3,,4,,10,2,,6,2,1,3,3,1,,,,2,2,5,,2,,6,3,3,,,1,,3,2,3,,,2,,1,655
2019,10,2,3,7.127659574,1.140425532,60.60520095,12.07399527,8.077777778,3.944444444,3.977777778,99448.58156,0,1,3,1,1,,1,,,,1,,2,,,,16,2,1,1,9,1,,10,1,7,2,5,3,,,1,,2,,,4,,,7,11,3,1,,,4,,1,26,2,1,,4,8,,1,2,,,,3,2,,1,,1,4,,,,,,5,4,18,,2,1,,,,12,4,1,,1,,,3,1,26,,,,,2,,1,,,4,5,,,,2,,,,,,,3,1,2,2,,,2,,,4,,,1,2,5,6,1,,6,1,1,20,5,10,,,,14,6,3,1,,,,1,16,,27,10,2,,1,,,1,,4,2,1,,,,,2,,15,55,28,82,18,1,,,3,,2,7,,,,,4,,,1,2,,12,,,4,2,3,1,12,1,,,1,2,1,,,2,1,3,6,2,1,3,,,5,3,2,,,2,1,,536
2019,11,2,3,6.945595855,1.845854922,73.69948187,5.327720207,4.924870466,2.904663212,2.493264249,100229.6373,0.336787565,2,4,,1,1,,,1,,2,2,3,,4,2,8,2,1,3,8,2,1,19,,4,3,2,1,,,3,,2,,,1,,,5,8,2,5,3,,4,,,14,3,,,,11,2,,1,3,2,1,2,,,2,,,3,,,,,,5,5,25,,2,1,,,,7,3,,,,2,,2,,17,,,,,1,,,,,,3,1,1,,,2,1,,,,,,1,,1,,,1,,1,1,,,1,,1,5,2,,8,,1,15,3,12,1,,,11,5,1,1,,,,3,10,,25,12,3,,,1,2,1,,4,,,,1,,,,,17,51,34,84,17,,,,2,1,3,4,,,,1,4,1,1,,1,,5,1,,4,1,4,,2,6,,,,,1,,,2,2,7,6,3,,4,,1,2,2,6,,,1,,,481
2019,12,3,3,6.598404255,2.978723404,97.49202128,11.48138298,6.892021277,3.724202128,0.412765957,101106.0904,0,5,2,,4,,,,1,,3,2,1,,3,1,18,4,,2,8,2,4,13,1,1,3,7,2,1,,1,1,1,,,1,1,,7,12,6,2,,2,5,,1,19,,1,2,3,9,2,,2,,5,,2,,,,,,5,,,,,1,4,4,25,1,1,,1,1,1,16,1,,,1,1,,2,,14,2,,1,,,1,,2,,5,7,,1,,1,1,,,,,1,1,1,,6,1,,1,,,1,,,1,1,5,8,3,,3,,,21,2,15,,,,17,5,1,,,,,4,12,2,24,7,2,1,2,1,,3,,1,1,,,1,,1,,1,16,58,28,93,26,,,,2,,1,5,1,,,,3,2,,,1,1,13,1,2,6,1,4,,7,8,1,1,2,2,1,,1,2,,9,3,6,1,3,,,1,2,4,,2,1,,1,467
2019,13,5,3,7.219570406,1.810501193,90.32935561,10.31121718,6.745346062,3.616706444,7.126491647,100295.3461,0,5,4,1,4,,,,,,1,8,4,,1,1,14,3,,1,10,2,2,14,,5,4,4,1,1,1,1,2,1,,,2,,,7,7,1,4,3,,4,1,1,27,5,2,,1,9,2,,4,2,,1,3,1,,1,2,2,1,1,,,,2,3,4,38,1,,,2,,,7,4,,,1,2,,,1,21,1,,2,2,3,,,1,,1,7,,,,1,2,1,,,,,3,2,1,2,,,1,,,3,2,,4,,6,6,4,,,1,,23,2,23,,,,19,5,1,,,1,,1,18,1,44,13,,5,,1,1,5,,5,,,,,,,3,,19,49,50,128,27,2,,,3,,2,8,,2,,3,2,1,,1,4,,4,1,1,10,2,3,,12,8,,1,2,5,,1,,2,2,6,7,2,2,7,,1,7,3,3,,2,,1,2,499
2019,14,1,4,5.536299766,3.362997658,116.6323185,13.47002342,10.49508197,6.487119438,2.385948478,100569.6019,0,1,3,2,1,,,,3,,1,5,2,,1,,15,4,1,3,2,3,2,15,,5,5,6,3,1,,1,,,2,1,3,1,,5,6,2,7,3,1,3,1,3,20,2,,,,8,2,1,1,,1,,1,,1,2,,,5,,,,,,3,6,25,,1,2,,,,18,2,,1,,,,,2,22,1,1,1,,1,1,,,,3,5,,1,1,3,3,1,,,1,2,2,2,,1,,,1,,,4,,,,1,4,8,2,,2,,,13,1,8,,,,12,5,2,,,,,1,14,,13,6,4,1,,,1,3,1,3,1,1,,,,,3,,11,42,32,68,26,,,,4,,5,4,2,,,1,3,1,,,5,,7,3,1,7,4,5,,2,5,,,,2,1,,1,1,,3,6,6,1,1,,1,9,2,5,,,,,,523
2019,15,2,4,6.725925926,2.69037037,108.7283951,16.06444444,11.19703704,7.364938272,1.120493827,100949.7531,0,2,4,1,2,,,,,,3,4,2,,3,,14,3,1,1,9,4,1,5,,6,5,2,3,,,,1,,2,2,2,,,6,5,,1,1,2,3,,1,17,2,1,,,9,4,,,,,1,6,2,,,,,4,,,1,,1,3,4,15,,2,,,,,11,4,,,,,,3,1,20,,,1,1,3,1,,,1,1,7,1,1,,,1,1,,,,,1,2,,1,,,6,,,3,1,,,,4,8,1,1,2,,1,21,,6,,,,17,5,4,,,1,,5,14,1,20,9,1,,1,,,6,,6,,1,,1,,1,1,1,14,50,33,87,27,1,1,,1,1,2,2,,,,,6,3,1,,2,2,11,3,,3,1,7,,3,3,1,,4,1,1,,,1,1,4,5,4,,2,,1,12,2,3,,,,,,515
2019,16,3,4,2.824295011,8.638611714,214.9002169,22.80477223,17.23036876,10.95813449,3.068980477,101901.0629,0,,4,,1,,1,,,,1,4,1,1,1,,17,2,2,1,6,4,,7,,3,5,7,,1,1,2,,1,1,1,2,,,5,5,2,6,4,1,1,1,1,16,4,,2,2,4,4,,2,,,1,6,1,,1,,1,7,,,1,,,3,3,23,1,2,1,,,,13,1,,1,3,,,2,,20,,,1,,2,,,1,,6,4,,1,,2,1,,3,,,1,1,,,,,,2,,,,,,2,2,4,4,3,1,3,1,,30,1,4,1,,,18,3,3,,,,,,11,,22,7,1,4,,1,,6,3,4,6,,,,,,1,,23,38,35,98,25,1,,1,6,,,6,,,2,,6,1,,1,,1,10,2,,2,3,,3,8,9,,1,1,7,4,,1,3,,6,3,4,,4,,,5,3,3,,,,1,,567
2019,17,4,4,6.929577465,1.595774648,100.1690141,13.73943662,10.54366197,8.273239437,1.087323944,101247.3239,0,1,4,,4,2,,,,,3,3,1,1,2,,17,1,,1,8,,2,19,,10,6,6,,1,,,,6,,1,5,,,10,4,1,3,,2,4,,1,27,2,,,,3,1,,1,,,,8,1,,2,,2,5,1,,,2,,4,3,19,4,,1,,,,11,3,,,2,,,1,5,12,,,,,,4,1,1,1,,3,,,1,,1,1,1,,,,4,1,,1,1,,2,,,,1,,3,,4,4,1,,2,,1,18,2,10,,,1,18,1,7,,,,,2,9,1,18,6,2,4,,,2,1,,5,1,,,1,,,2,,16,42,46,85,23,,1,,2,,1,6,,,,2,2,,2,2,3,,5,,,5,,5,,6,4,,1,4,3,4,1,,1,,11,4,4,1,3,,2,3,3,3,,,,1,,371
2019,18,1,4,0.26910299,13.29933555,295.2990033,25.93820598,15.3269103,7.889036545,0,102429.6013,0,1,7,,3,,,,1,,3,2,2,,3,,18,2,,2,10,1,5,20,,3,7,3,4,1,1,5,1,1,1,1,1,2,2,8,3,3,4,5,,5,,,19,2,1,,,9,,,,4,,3,2,3,1,4,,1,5,,,,,,2,8,29,,1,,1,1,,12,1,,,1,,,1,,27,1,,,1,1,4,1,1,1,2,2,1,1,,,,,,3,1,1,1,2,,2,,,,1,1,1,,2,3,,5,10,1,1,3,,,29,3,11,,,,15,4,2,2,,,1,3,21,1,21,19,4,3,1,,2,4,,2,5,1,,,,,1,1,12,54,41,97,35,,2,,6,3,2,6,,,,1,1,1,,,3,,14,2,,7,3,1,,7,11,,1,,6,3,1,3,2,,5,4,3,,3,,,6,1,6,,1,2,,1,301
2019,19,2,5,4.760435572,5.654083485,190.2595281,18.94882033,13.81814882,9.02831216,2.701633394,101407.7132,0,5,5,2,3,1,,,3,,3,3,2,,3,,16,3,3,2,7,3,5,14,,3,3,3,3,1,1,1,2,2,1,2,,,,9,8,2,5,,2,7,,2,22,2,4,1,,7,4,,5,,,1,4,1,,1,1,1,3,,,,,,3,5,15,1,1,,1,,,19,5,,,,1,,1,1,25,,,,1,2,1,,1,,3,11,1,2,,,,1,,1,1,,,1,,1,,1,1,,,,,,2,1,3,7,1,1,1,,1,14,1,19,,,,12,4,3,,,,1,3,17,1,33,5,4,3,,2,1,2,,6,2,3,,,1,,,,15,47,38,96,20,,,,5,,1,3,,1,,1,3,3,1,1,,,7,3,2,7,1,2,,5,7,,2,1,3,2,2,1,3,,4,4,3,,4,1,,10,4,3,,,1,,1,659
2019,20,3,5,1.882783883,11.50622711,172.2234432,20.54908425,13.96373626,8.085347985,0,102417.7289,0,10,2,,2,2,,,2,,1,5,1,,2,1,22,5,,1,7,1,5,15,,6,4,4,2,1,,1,1,3,,,6,,1,5,13,3,3,,1,4,,2,27,,1,5,1,17,5,,4,,1,1,2,3,,2,,,4,2,,,,1,5,12,28,1,1,1,,,,14,1,,1,,2,,,2,25,1,1,,,1,1,,,1,3,4,1,2,,1,,,,,,,2,1,,,1,,2,,1,,,,1,1,1,13,2,1,4,,1,33,2,34,,,1,6,5,1,,,,,2,10,,26,12,6,4,1,1,1,3,,4,1,,1,1,,,,1,12,73,53,97,33,,,,1,4,1,,2,,,1,,,,,2,,14,,4,9,1,3,,9,2,,1,1,6,2,1,,2,1,11,2,3,2,9,,1,5,5,3,1,,1,,4,336
2019,21,4,5,5.670353982,6.061283186,192.2455752,24.67455752,18.0909292,12.73893805,5.261946903,101827.6991,0,3,7,1,1,1,,,,1,2,2,2,,2,2,17,1,,1,13,2,,12,,2,6,5,3,1,1,1,,3,,2,4,,1,9,7,2,5,2,,2,,2,9,3,2,1,,9,4,,2,,,1,3,,1,1,,1,2,,,2,,,2,6,30,3,,2,1,,,16,5,1,1,,,,,,18,,,1,,2,4,,,,2,9,,1,,1,,,,1,,,4,2,,2,1,1,2,,,,1,,5,3,4,9,3,1,1,,,21,3,7,1,,,20,5,2,,1,,,,12,,18,8,4,3,1,,,4,,3,4,,,1,,,,,16,38,33,75,19,,,,9,,4,6,1,,,2,1,2,,,1,,7,3,3,5,,4,,7,6,3,1,,5,2,,,3,1,5,4,3,,5,,1,3,3,1,,,,,3,528
2019,22,4,5,5.367063492,3.887301587,170.7222222,22.91825397,18.80198413,14.48194444,1.177777778,101678.7103,0,4,4,1,4,,,,,1,1,1,2,,2,,14,1,2,1,7,2,2,17,1,5,5,1,,3,,2,2,1,,,2,1,,4,7,1,4,,,9,,1,13,5,,,,6,2,,4,1,1,,5,,,2,1,1,6,,1,3,,,1,4,30,3,1,,1,1,,8,2,,,,1,,2,1,16,,,,,2,1,1,,1,2,,,,,1,2,1,,1,,,,1,,3,,,,,,2,,,3,2,2,10,,,2,2,2,15,3,11,,1,,13,9,1,,,,,,10,,17,8,2,3,,2,2,,1,2,1,,,,,,,2,17,56,47,88,23,,1,,2,1,3,5,2,,,2,4,,1,,2,,7,1,,3,4,4,,10,3,1,2,1,2,2,,,2,,2,2,2,,4,,,3,2,2,,1,2,,,622
2019,23,1,6,5.903591682,5.317202268,200.0113422,22.95198488,17.49659735,13.0610586,0,101605.879,0,4,5,,5,,,1,,,3,8,2,1,,,15,,,1,11,5,5,14,1,5,10,3,2,1,1,4,2,6,,,4,3,,8,7,2,3,4,2,6,,,9,1,3,3,2,15,,,1,1,,1,6,,,1,3,1,2,2,,2,,1,4,8,16,,2,,,,,20,3,,,1,2,,1,,17,2,,,,1,2,,,,2,2,1,,,1,,1,,,,1,4,1,,2,,,1,,,1,,,1,2,2,4,,1,2,,1,13,2,6,,1,,16,4,3,,,,,3,10,5,24,14,1,1,,2,3,3,1,2,1,1,,,,1,,,20,53,35,65,24,1,1,,3,3,,3,,1,,,,1,1,,1,,13,1,5,2,3,4,2,4,8,,2,1,4,3,1,,1,,4,2,4,,1,1,1,5,2,2,,,1,1,3,705
2019,24,2,6,5.316725979,5.414946619,187.1494662,22.10604982,17.33790036,12.72188612,0.080427046,101533.274,0,1,6,,,1,,,,,3,5,1,,1,,18,1,,,14,2,5,9,,1,2,3,7,2,,1,1,1,,,5,1,1,5,7,,2,1,2,8,,,20,2,,1,,2,1,1,2,1,,1,6,,,,,1,,,1,2,,,5,7,20,,5,,,,,11,3,,1,,,,3,,16,,,2,,,,1,,,2,4,,,1,1,1,1,,,,1,1,1,,3,1,1,1,,,,,1,4,2,1,14,1,,2,,2,20,1,4,,,,19,1,2,,,,,1,12,,17,11,2,1,2,,1,2,,1,1,1,1,1,1,,1,1,13,57,34,86,21,1,,,4,4,1,6,,1,,1,2,1,,1,2,,7,1,2,4,,4,2,4,4,,4,,5,,1,4,,1,3,5,7,1,4,,,3,,6,,,1,,3,711
2019,25,3,6,3.13022113,10.88181818,140.8034398,25.32972973,17.93882064,11.76584767,0,102632.9975,0,3,5,,3,,,,,,5,4,,,2,2,14,2,,,8,5,3,11,,3,5,4,,,,1,,5,,1,5,,,9,4,3,7,2,,6,,,21,2,,3,,4,3,1,,2,2,,5,2,1,,1,2,3,2,,1,,,4,3,21,,4,1,1,4,,12,2,,,,,,,1,14,,1,4,,,1,,,,,4,,1,,,1,,,,,,2,1,,1,,,,,,4,,,2,1,1,13,,,3,2,1,19,1,7,,,,15,3,3,,,,1,2,8,,18,5,2,4,,,2,5,2,3,2,,,,,,1,,17,52,35,84,21,,,1,2,1,1,5,,,,2,3,4,1,,,,5,1,3,3,1,7,,11,5,,,,6,3,1,,2,,5,,2,,3,,,2,,3,,,,,2,499
2019,26,4,6,1.557416268,11.784689,163.2464115,29.61148325,21.76339713,13.88157895,0,101969.1388,0,1,4,1,3,,,,,,4,4,3,1,1,,12,,2,1,8,,4,20,,4,2,4,1,,1,,1,1,1,1,4,1,,10,3,,5,2,1,5,,3,11,,2,1,,6,1,,1,,,1,5,1,1,,1,1,4,,,,,,2,7,24,2,3,1,1,,,14,2,,,3,,,1,,7,,,1,,,,,,,4,4,3,,,,,,,,2,,2,2,,,,1,2,,,,,,2,1,3,4,3,,1,,3,17,3,12,,,1,8,4,2,,,,,2,11,1,13,12,1,1,3,1,,4,1,1,1,1,,2,,,,,11,34,32,79,24,,,1,1,3,1,6,,,,3,4,,,,,,6,1,1,3,1,4,1,8,4,,2,,3,2,1,4,1,,8,3,5,1,3,,1,1,1,2,,,1,,1,494
2019,27,1,7,1.19047619,12.65952381,69.7965368,30.02142857,23.59761905,17.02748918,0,101979.329,0,3,6,,4,,,,,,1,10,,,,,19,3,3,,11,2,2,17,,3,2,3,1,1,1,2,,2,3,2,2,,,7,8,5,3,4,,6,,1,24,2,1,3,,14,,2,5,,,,3,1,2,,,1,,1,,,,1,,5,39,3,1,,2,,,12,3,,,2,,,4,1,11,,,2,,2,1,1,,1,2,2,1,,,2,,,,,,,2,1,,2,,1,,,1,2,2,,2,,4,8,,,1,2,2,31,2,9,,,,13,4,,,,,,1,17,4,19,16,1,1,,2,,3,1,13,1,1,,,,1,,1,15,56,41,82,24,,,,3,1,2,5,,,,4,3,1,,,1,,10,,,4,3,7,,10,8,,2,,2,1,4,1,2,,3,4,8,1,2,,3,1,2,8,,2,,,1,538
2019,28,2,7,3.401425178,9.033966746,225.6057007,28.05249406,21.08123515,15.04726841,0,102093.6342,0,,2,,1,,,,,1,1,4,2,1,3,,12,5,2,2,2,1,5,11,,3,6,3,2,,,4,,2,,3,,1,,7,5,1,2,,,5,,4,14,1,,1,1,4,1,1,1,1,,,5,,,,,,1,,,1,,2,3,8,21,,1,,,,,14,4,,,,,,3,,22,6,,,,1,2,,1,,,2,,1,,1,,1,,,1,,2,3,,1,,1,1,,,1,1,,2,,1,5,,,4,,,20,2,4,,,,15,6,1,,,,,2,10,1,14,9,4,,1,1,,,,4,2,,,,,,,2,8,32,31,66,22,,,,4,6,4,4,,,,2,3,1,1,,,,7,1,2,6,1,2,2,7,3,,1,2,2,1,2,,2,,5,2,2,1,3,,,10,,1,,,,,,544
2019,29,3,7,5.668478261,5.208152174,195.5679348,28.3638587,21.82119565,16.31304348,0,101583.7228,0,2,9,1,3,,,,1,,2,6,1,1,3,1,6,,1,,14,3,3,10,,1,8,,3,,1,2,1,1,1,,1,,,8,11,2,4,4,1,3,,,20,2,1,,,6,1,,4,,2,,2,,3,2,,,,3,,,,,,9,22,2,2,,,,,12,4,,,,,,7,51,14,1,1,,2,3,,1,2,1,2,9,1,,1,2,,1,,,1,1,5,1,,4,,1,1,,1,2,1,,1,,5,10,,,1,,1,25,1,11,,,,14,4,3,1,,,,5,12,3,17,12,1,3,2,1,1,3,4,4,1,,,,,1,,,17,58,41,114,20,1,,1,5,3,2,5,,,,1,4,2,,,,,13,1,2,2,2,2,2,3,7,,1,1,3,1,1,,,,9,6,1,,1,,,4,1,4,1,,2,,1,452
2019,30,4,7,4.358974359,7.276752137,216.2188034,25.95589744,22.55760684,17.50564103,2.095384615,100979.3675,0,1,7,,,,,,,,,4,4,,3,1,13,3,,,8,4,1,17,,5,6,3,6,3,2,2,,6,2,,4,2,,10,5,4,4,,,2,,2,27,3,,1,1,8,1,1,3,,2,,3,1,,,,1,3,,,,,1,2,5,29,4,2,,1,,,7,3,,,,1,,4,1,16,1,,,,3,,,,,3,13,1,2,,1,,1,,1,1,,2,2,,,,,1,,,2,1,,1,,5,9,1,1,1,1,,28,2,10,,,,23,1,1,,,,,2,7,,23,8,3,3,1,2,,2,,1,1,,,1,,,,1,13,64,50,88,24,,1,,2,6,,11,,,,1,6,,,,,,13,1,2,2,3,3,,4,10,,1,2,3,,,,1,,6,2,7,,9,,,6,2,3,,,,,,737
2019,31,1,7,1.548051948,11.30649351,272.0103896,29.52,22.70233766,16.6612987,0.532987013,102035.4805,0,6,6,1,2,,,,,,3,2,1,,2,,14,2,2,,2,2,2,4,,4,6,1,2,,,,1,4,,1,3,,,1,6,1,4,1,,6,,2,17,,,5,,3,,,1,,1,,2,,,1,,2,1,1,,1,,,,9,14,1,2,,,,1,10,5,1,,,,,4,1,12,1,1,,2,2,,1,,,1,7,1,1,,,1,,,,,1,3,,1,1,2,,,,,1,,,5,,2,6,5,1,4,,,14,1,5,,,2,12,2,2,,,,,2,15,3,22,9,,1,,,,2,1,,,5,,,1,2,,,17,36,32,73,16,1,,,,,3,13,1,,,1,3,1,,,,1,4,,1,7,1,3,,8,9,,1,2,1,3,,,1,,6,3,4,1,1,,,2,,4,,,1,,2,477
