﻿Year,WeekOfYear,weekOfMonth,MonthOfYear,cloud_cover,sunshine,global_radiation,max_temp,mean_temp,min_temp,precipitation,pressure,snow_depth,Aloo Chaat,Aloo Gobi,Aloo Methi,Baingan Hari Mirch,Bengal Fish Biryani,Bengal Fish Karahi,Bengal Fry Fish,Bengal King Prawn,Bengal Salad,Bhindi Bhajee,Bhuna,Bombay Aloo,Brinjal Bhajee,Butter Chicken,Cauliflower Bhajee,Chana Masala,Chapati,Chicken Achar,Chicken Balti,Chicken Biryani,Chicken Chaat,Chicken Chaat Main,Chicken Hari Mirch,Chicken Haryali,Chicken Karahi,Chicken Mysore,Chicken Pakora,Chicken Rezala,Chicken Roshni,Chicken Shashlick,Chicken Shashlick Curry,Chicken Sylhet,Chicken Tikka,Chicken Tikka (Main),Chicken Tikka Balti,Chicken Tikka Biryani,Chicken Tikka Chilli Masala,Chicken Tikka Garlic,Chicken Tikka Jalfrezi,Chicken Tikka Jeera,Chicken Tikka Karahi,Chicken Tikka Masala,Chicken Tikka Pasanda,Chicken Tikka Sizzler,COBRA (330ML),COBRA (660ML),Coke 1.5 ltr,Curry,Curry Sauce,Dall Samba,Dhansak,Dhansak Sauce,Diet Coke 1.5 ltr,Dupiaza,Egg Paratha,Egg Rice,French Fries,Garlic Naan,Garlic Rice,Green Salad,Hazary Lamb,House Red wine 75cl,House white wine 75cl,Keema Naan,Keema Rice,King Prawn Balti,King Prawn Biryani,King Prawn Butterfly,King Prawn Hari Mirch,King Prawn Karahi,King Prawn Puree,King Prawn Shaslick,Korma,Korma Sauce,Kulcha Naan,Lal Mirch Chicken,Lal Mirch Lamb,Lamb Achar,Lamb Balti,Lamb Biryani,Lamb Hari Mirch,Lamb Haryali,Lamb Karahi,Lamb Mysore,Lamb Rezala,Lamb Roshni,Lamb Shashlick,Lamb Shashlick Curry,Lamb Sylhet,Lamb Tikka,Lamb Tikka (Main),Lamb Tikka Balti,Lamb Tikka Biryani,Lamb Tikka Chilli Masala,Lamb Tikka Garlic,Lamb Tikka Jalfrezi,Lamb Tikka Karahi,Lamb Tikka Masala,Lamb Tikka Pasanda,Lamb Tikka Sizzler,Lemon Rice,Lemonade 1.5 ltr,Lime Pickle,Madras,Madras Sauce,Mango Chutney,Masala Sauce,Meat Samosa,Methi,Mint Sauce,Mixed Starter,Mixed Vegetable Curry,Mushroom,Mushroom Bhajee,Mushroom Rice,Muttar Paneer,Onion Bhajee,Onion Chutney,Onion Naan,Onion Rice,Paneer Shaslick,Paneer Tikka Balti,Paneer Tikka Karahi,Paneer Tikka Masala,Paneer Tikka Sizzler,Paratha,Pathia,Persian Chicken Biryani,Persian Lamb Biryani,Peshwari Naan,Pilau Rice,Plain Naan,Plain Papadum,Plain Rice,Prawn Balti,Prawn Biryani,Prawn Karahi,Prawn Puree,Prier Water (750ml),Puree,Raitha,Red Sauce,Rogon,Royal Paneer,Saag,Saag Aloo,Saag Bhajee,Saag Dall,Saag Paneer,Saag Rice,Sheek Kebab,Sheek Kebab (Main),Sheek Kehab,Special Fried Rice,Spicy Papadum,Still Water (750ml),Stuffed Paratha,Tandoori Chicken (1/4),Tandoori Chicken (Main),Tandoori Chicken Masala,Tandoori Fish,Tandoori Fish (Main),Tandoori King Prawn Garlic,Tandoori King Prawn Masala,Tandoori Mixed Grill,Tandoori Roti,Tarka Dall,Vegetable Balti,Vegetable Biryani,Vegetable Karahi,Vegetable Mysore,Vegetable Rice,Vegetable Roll,Vindaloo,Vindaloo Sauce,Grand Total
2016,11,2,3,5.7,3.108,84.42,10.346,5.364,1.364,3.272,101275.8,0,4,,,,,,,,6,,,,,,,,1,,,,,,,2,,,,,,,,,1,2,,,,,,,,,,,,1,,,,,,,,,,,4,,,3,,,,,,,,,,,,,,,,,,,,,,,,,,,,,,,1,,,,,,,,,,,,,,,,,9,,,,,,,,,17,1,1,,,,,,,,,,,,,,,,,,,,,1,,,,,,,,,,,,2,,,,,1,,,,,,,,,,,,,1,,,2,,,
2016,12,3,3,6.555555556,1.196527778,64.79861111,10.01006944,5.998263889,2.9625,0,102703.0208,0,,1,,1,,,,1,1,,3,9,,6,2,1,8,,1,5,2,,,1,,,1,,,1,2,,2,5,1,6,4,1,3,,1,9,1,,,3,,3,1,1,,,1,4,,2,3,13,1,1,1,,,14,2,,,1,,,1,1,11,1,2,,1,,,2,,,,1,,,1,,,,1,,,3,,,1,,,,2,2,1,8,1,,1,11,,9,1,,,1,10,,12,8,1,,,,,3,,,,,1,7,16,12,20,10,,,1,1,,1,,3,1,1,,3,1,1,3,2,,,4,4,1,,1,2,1,,,,1,1,1,,,,1,2,,1,1,1,,
2016,13,4,3,5.959731544,3.887919463,110.442953,12.45704698,9.322147651,5.843624161,5.089932886,101042.6846,0,,1,,1,,,,1,,2,6,3,1,,,,3,,,2,,,1,,,,3,,,,,1,3,1,1,2,1,1,1,1,,6,1,,,,2,2,,,,1,,1,,1,1,8,1,,,,,1,,,1,,,,,,6,,1,,,,,2,,,,,,,,1,,1,,,2,,,,,1,,,,,,1,,,1,6,,2,4,,,,3,,4,2,,,,,,1,,,,,,4,13,8,14,5,,1,1,,,,2,2,,1,,,1,,3,1,1,,,1,,,,,1,,3,,,,2,2,1,1,,,,,3,1,,
2016,14,1,4,4.91015625,6.68359375,166.1367188,14.03007813,9.023046875,4.517578125,1.8609375,100807.3438,0,1,2,,1,,,,,,1,2,5,,4,2,1,10,,2,4,2,,,,2,,,,,1,,,1,2,2,2,4,1,,,,8,,,,4,3,1,,,3,,2,2,,,1,9,1,,,,,10,3,,,1,1,1,1,,13,,3,1,,,1,3,1,,1,1,1,,,1,,,,,,,,2,,1,,,1,,5,5,,,,6,,5,4,,,1,8,1,4,9,,2,,1,,1,,2,2,,,8,18,16,44,9,,,1,,1,1,,3,1,1,3,2,1,,2,3,,2,,2,1,,,,2,1,3,,,,1,,1,1,1,,,2,,1,,
2016,15,2,4,5.4,3.651428571,133.2057143,13.00228571,8.817714286,4.974285714,1.462857143,100677.4857,0,,1,,1,,,,1,,,2,1,1,3,1,2,4,1,1,3,2,,,2,,,3,1,,2,,,3,1,,1,,1,1,,1,8,1,1,,,,,,1,2,,,1,2,,,10,3,,1,,1,2,,,,,,,1,,4,,1,,,,,1,,,,,,,,,,1,,,,,,,,1,1,,1,,,2,,,,5,,5,2,1,,1,3,1,3,4,1,1,1,,,1,,,1,,,8,13,11,16,7,,,1,2,,,,1,1,,,4,2,1,1,,2,,,,5,,1,,,,1,,,,3,2,2,,,,,1,3,4,,
2016,16,2,4,5.566137566,4.452380952,149.0740741,13.66878307,10.25079365,6.117460317,3.423280423,100648.5714,0,,1,,,,,,,1,,1,4,,2,1,1,3,,,4,1,,1,,1,,,,,2,1,1,2,2,1,,2,1,2,1,,9,2,,2,1,,3,,,,1,1,,,,1,6,,1,1,,,3,1,,,1,,,,1,6,1,2,,,,,1,1,,2,,1,,,,1,1,,,,,1,,,2,1,,,,2,4,,5,3,2,,6,,,,,4,1,5,3,1,1,,1,,2,1,2,2,,,2,13,10,29,7,,1,,,,1,1,,1,1,1,2,1,,,1,1,,,3,3,1,,1,,3,1,,,1,1,1,1,1,,,,1,1,1,,
2016,17,4,4,5.503649635,5.09270073,161.7481752,12.30109489,8.501824818,4.964233577,1.559124088,102241.4234,0,2,1,,,,,1,,,1,3,8,2,5,1,1,8,,1,5,1,,1,1,1,,1,,,,1,,3,1,1,2,1,1,2,,1,7,1,1,2,1,,3,,1,4,,1,,,,3,10,1,1,1,,,7,1,,1,2,,,,,11,2,1,,,,,2,,,1,,1,,,,,1,,,2,,,2,,1,,2,1,,4,2,,11,,7,1,10,1,,,1,5,,13,5,,1,,,,,,1,2,,,8,20,16,59,11,,,,2,,,3,6,5,2,3,3,1,,2,,1,,,4,3,,,1,2,1,,,,,2,1,1,1,1,,,1,2,3,,
2016,18,4,5,3.445859873,8.682802548,230.343949,14.50254777,7.679617834,2.317834395,0.672611465,101571.1465,0,,1,,,,,,,,,4,2,1,,1,,1,,,4,,,1,,,,1,,1,2,,,2,2,,2,,,2,,2,2,,,,,1,5,,,3,,,2,,,2,4,1,,1,,,5,1,,,1,,,,1,2,1,1,,,,,3,,,,,,,1,,,1,,,1,,,,,,,,2,,1,5,,4,,7,,3,2,1,,,1,,6,2,,1,,1,,,,,,,,5,12,10,23,6,,,,1,,,3,2,,,1,1,1,,,2,1,,,4,1,,,2,2,1,,,,,1,,,1,,,1,1,1,1,,
2016,19,1,5,3.837719298,7.725877193,218.9561404,21.34429825,15.50570175,9.395614035,0.119298246,101463.2456,0,,2,,,,,,,,,2,7,1,2,,1,13,,,1,,,,1,2,,2,1,,,2,,1,3,1,1,1,2,3,2,,8,1,,,,,3,,2,1,,,1,,2,2,12,1,,1,,,6,,,,,,,1,,7,1,,,1,,1,3,1,,1,,,,1,,,1,,,,,,1,,,2,1,2,,1,4,,9,3,5,,10,,,,1,3,1,6,9,1,,,,,1,,,,,,1,23,12,38,9,,,,1,1,2,,5,1,,,3,1,,5,1,1,,,3,,,1,,2,,1,,,,3,1,6,,1,,1,,,1,1,
2016,20,2,5,5.484962406,6.382706767,206.4586466,17.36654135,14.0518797,10.33233083,3.497744361,101314.8496,0,1,2,1,,,,,,,,2,4,1,2,2,,4,,,,3,,1,,2,,5,,1,1,,,1,4,1,5,2,4,4,,,6,,2,,,1,5,,,2,,,1,,1,1,14,1,,1,4,,9,3,1,,,1,,1,,6,1,2,,,,,1,,1,,,,,,1,,,1,,,1,1,1,,,,,,,1,5,,13,1,4,1,10,2,,,,4,1,8,6,1,1,,,,,,1,2,1,,3,12,15,41,12,,1,3,1,,2,,5,1,1,1,4,1,,1,,4,1,,4,3,,,1,1,3,,,,,,1,3,1,,,1,,,2,,
2016,21,3,5,7.012820513,2.499358974,140.1025641,18.53461538,14.83717949,11.36282051,0.78974359,101151.1538,0,1,,,1,,,1,,,,,3,,6,1,1,3,,,5,1,,,,1,,1,,,1,,,2,1,1,,1,,,1,,2,,,1,1,1,5,,,1,,,2,,1,,12,1,1,,2,,3,,,,2,2,,1,,6,,,,2,,1,,1,,,,,,1,1,,,,,,,,,,,1,1,,,,3,,4,,1,,2,2,1,,,4,1,5,2,,,,,,1,,,1,,1,5,5,8,20,10,,1,,1,,,,2,,,,3,,1,,,1,,,1,,,,3,1,1,,,,,1,,1,1,2,2,,2,3,,,
2016,22,4,5,3.892733564,7.675086505,238.7958478,19.38685121,15.19584775,9.773702422,0.103806228,101677.474,0,,1,,1,,,,2,1,,2,9,,4,1,,4,,,7,2,,2,,,,2,,1,3,,,2,3,,2,1,1,1,,,8,,2,1,1,,6,,,2,1,,3,1,1,,16,1,,1,,,5,,,1,,,,1,1,8,1,2,,,,,4,,1,1,,,,1,,,,,,2,,,,,2,,,,,3,5,,10,,3,1,6,2,1,2,2,2,1,11,3,,,1,1,1,,,3,1,,1,8,26,24,38,14,,1,,2,,,3,5,2,3,3,2,1,1,4,1,5,,,2,2,,,1,3,1,1,,,,2,1,5,,,,,,,5,,
2016,23,1,6,7.53894081,0.463862928,90.58878505,17.67009346,13.40809969,10.41028037,1.446728972,101791.0903,0,,4,,1,,1,,,,,4,5,1,6,2,,5,1,,2,3,,,,,,2,1,,1,,,5,7,2,2,1,2,,,1,6,1,1,,2,4,5,,,2,1,1,3,,2,3,10,2,,1,4,,11,3,,,1,,,1,1,9,2,,,,,,,1,,,,2,,1,1,,1,,,,,,1,,1,1,,,,3,8,,12,,4,,10,2,,,2,6,1,16,12,,1,,1,,1,,1,2,,,9,21,17,44,12,,1,,2,,1,2,7,2,,1,5,1,1,1,2,4,2,,3,4,,,,,2,1,,,,1,,1,,2,1,,1,1,3,,
2016,24,2,6,6.076576577,3.637837838,158.0689655,21.89144144,18.5481982,13.82972973,1.763063063,101322.6126,0,1,4,,,,,,,,,4,3,1,5,,1,8,,1,,1,,1,,,,1,,,3,,,6,1,2,1,,4,1,1,,5,1,,,,1,5,,,,1,1,1,,1,1,6,,,,,,10,2,,,3,2,,,2,7,,,,,2,1,1,,,,,,,,,,,,,1,,1,,,1,,,,,2,4,2,6,,3,,7,2,2,,2,6,1,7,4,,,1,,,,,1,,,,6,16,16,29,10,,,1,5,,,,1,,,,5,1,,,2,4,,,1,,,,2,2,,1,,,,3,,1,,2,,,,1,,,
2016,25,3,6,6.692682927,3.107804878,164.0195122,20.16536585,15.97317073,12.28292683,5.455609756,101202.439,0,,2,,,,,,,,,1,5,1,1,2,3,4,,2,1,3,,1,,2,,,,,,,,3,5,3,2,2,,2,,,8,,1,,,,2,,,5,,,1,,1,2,2,1,,,,,9,,,,,,,,,7,1,,,,,,,1,,1,,,,,,,2,,,,,,,,,,,,,1,1,1,4,,2,,4,2,,,1,3,1,12,2,1,,,,,,1,6,1,,,3,17,18,38,11,,1,,1,,2,,2,2,1,2,2,2,1,2,,2,,,1,1,,1,3,,1,,1,,,2,,2,,,,,,1,2,1,
2016,29,3,7,5,6,213,29.4,22.6,17.7,0,102230,0,,,,,,,,,,1,,1,,,,,2,,,,,,,,,,2,,,,,,,,2,,,,,,,2,1,,,,1,2,,,1,,,1,,,1,3,,,,,,2,,,1,,,,,,,,,,,,,,,,,,,,,,,,,,,,,,,1,1,,,,,,,,,,,,,,,,,1,1,,,,,,,1,,,,,,,3,6,5,1,,,,,,,,,,,,,,,,,1,,,1,,2,,,,1,,,,,,,,,,1,,,,,,
2016,30,3,7,4.185950413,6.816528926,167.7727273,26.77520661,21.21942149,15.53884298,0.278512397,101788.4711,0,3,2,,,,,,,,1,3,6,,2,,3,5,1,2,4,1,,1,,2,,,,,3,2,,1,2,1,2,4,2,,1,,7,1,1,,1,,2,,,4,,,2,1,2,4,8,3,1,1,1,,3,,,,1,,,,1,4,2,,,,,1,,1,,1,,,,1,1,,2,,2,,,,,,1,,,1,,2,2,2,12,,6,,6,1,1,,2,4,,11,10,1,,,,,3,,1,,,,4,12,23,38,11,,1,,2,,,3,2,,1,2,3,1,1,1,,1,3,,4,3,,1,4,2,1,1,,,,3,2,1,,,,,1,1,1,,
2016,31,5,8,6.604278075,3.665240642,161.7058824,22.02673797,19.1513369,15.11336898,0.263101604,101494.0107,0,2,3,,,,,,,,,2,2,,,,2,5,,1,2,2,,,,,,,,,3,,,3,3,,3,,1,1,,,5,,,1,1,,4,,,2,1,2,1,,,,6,,,,1,1,3,,,1,2,,,,,7,,2,,,,,1,1,,,,,,,,,1,,,,,,,,1,,,1,,1,9,,7,1,3,1,7,1,2,,1,3,,11,6,,1,,1,,1,,,1,1,1,8,14,10,37,13,,1,,,1,,,2,,1,1,,,2,1,,,,,1,,1,,,1,,1,,,,1,,,,3,,,,1,1,,
2016,32,1,8,4.2996633,6.490909091,197.0505051,25.07777778,19.74915825,14.8047138,0.028282828,101671.0774,0,7,1,,1,1,,,,2,,7,5,,7,,1,4,,1,3,,,,,,,2,,,,1,,3,3,,1,1,,4,,,11,,,,,1,7,,,2,,,1,,4,4,9,1,2,1,,,6,1,3,,1,1,,,,8,,,,,,1,3,1,,,,,,,,,1,2,,1,,,,,1,,,2,1,1,7,1,5,1,7,,9,5,,1,,6,,17,1,2,,1,1,,1,,3,,1,,4,20,29,29,10,1,,,2,,2,1,2,2,2,1,8,,,1,,2,1,,3,1,,,1,6,,,,1,1,2,6,2,,2,,1,2,8,3,,
2016,33,2,8,3.613207547,7.921698113,216.6367925,24.56981132,19.3990566,13.8509434,0,102352.4528,0,1,2,,,,,,,,,2,5,1,2,1,,7,,,2,,,,,,,,1,,2,1,1,3,1,,,1,2,,,,4,,1,,,2,3,1,1,4,1,,1,,,1,13,,1,1,,,1,1,,,1,,,2,,5,3,,,,,,,,1,1,,1,1,,,,,,,,,1,,1,,,,,,1,3,,7,,4,,7,1,,,,8,2,9,7,1,,3,,,,1,,1,,,6,13,14,39,8,,,,6,,2,1,3,1,,3,1,2,,4,,3,,,3,4,,,,2,1,1,1,1,,2,,2,,1,,,,1,1,,
2016,34,3,8,4.750929368,5.935315985,176.9888476,24.53234201,18.8070632,14.29330855,0.619330855,101316.7658,0,2,4,,,,,2,,,,5,9,2,3,1,2,9,,,4,2,,1,,1,,1,,,,,,1,2,,,3,1,2,,,4,,1,,1,2,1,,1,5,,,,,,2,16,,2,,,,4,,,,1,,,,1,7,1,,,,,,1,,,,,,,,,,1,1,,,,,,,,,,,,1,5,2,10,1,4,,6,5,,,2,3,1,9,4,,1,,,,1,,2,2,,,11,22,19,53,9,,1,,1,,2,1,3,2,2,,1,1,2,2,1,4,,,5,,,5,,5,,1,,1,,4,4,2,1,,,,,,3,2,
2016,35,4,8,4.240458015,6.740458015,181.2862595,26.40763359,21.97633588,17.16793893,0.687022901,101710.2672,0,1,3,,,,,,1,,2,4,7,1,3,1,3,8,,4,4,2,,,,,,2,,,4,,,2,5,,1,,2,2,,,5,1,,1,,1,7,1,1,2,,,2,,,5,13,1,,,,,10,3,,,,,,,,11,2,1,1,,,,4,1,1,1,,,,2,,,,3,,1,3,1,,,1,,,,,1,3,,4,2,7,,6,,1,,,5,,10,1,,1,,,,1,,,1,,,2,21,27,29,13,,,,,,1,1,2,1,,,3,1,,3,1,4,1,,5,1,,,,2,2,,,,,5,1,2,,,,,5,1,,,
2016,36,1,9,4.605970149,4.442089552,137.7552239,22.79432836,18.05373134,13.46716418,2.225074627,101776.6269,0,2,1,1,1,,1,,2,,,6,9,,1,1,,10,,,3,3,1,,,,,3,,,3,2,1,7,4,2,2,2,2,3,,,9,1,1,1,1,1,3,1,1,5,,2,1,,3,2,10,3,,,,,4,1,,,1,1,,,1,12,3,,,1,,,,,,1,,,,,1,,3,,,,,1,,,3,,,,,2,3,,13,1,6,1,10,6,4,,2,5,,8,6,3,1,,1,1,1,,1,2,1,,11,23,28,51,15,,,,2,,,2,3,1,,2,3,1,1,3,1,2,1,,3,7,,,,7,1,1,,,3,2,,,1,,2,,4,1,1,2,1
2016,37,2,9,5.950819672,2.778688525,95.94672131,22.94508197,19.15204918,15.79877049,1.291803279,101575.5328,0,1,5,,,,,,2,,,4,8,1,3,1,1,3,,1,7,2,,1,,,,1,,,,,,3,3,,2,2,2,2,,1,7,1,,,,1,1,1,,1,,1,,,,3,7,1,,1,2,,5,1,,,2,1,,,,10,2,,,,,,3,,,,,,1,,,,,1,1,2,,1,,1,1,,,,,1,2,,10,,3,1,11,1,,,1,7,,8,8,,,,,,,,,1,1,,4,17,19,34,10,,1,,1,,3,,5,1,1,1,5,,,2,,1,1,,3,5,1,,1,2,1,1,,1,,3,1,,,,,1,1,3,1,,9
2016,38,3,9,6.258687259,2.320849421,86.49420849,21.67837838,17.75212355,14.08918919,1.877220077,101597.1429,0,,,,1,,,,,,1,2,4,1,3,,1,8,,1,1,3,,,,2,,2,,,1,,,1,7,2,,1,1,3,,1,2,2,,,,4,5,,,3,,2,1,,2,4,11,2,1,,8,,4,1,,,,,,,,13,1,1,,,1,,1,,,2,1,,,2,1,,1,1,,,,,1,,1,,,1,,1,3,,6,1,2,1,3,3,1,1,1,2,1,9,3,,,,,,,,,1,,,5,21,31,26,5,,3,1,2,,2,,2,1,1,1,3,2,,5,,3,1,,5,6,1,,,1,1,2,1,2,,5,1,1,1,1,,,1,,2,,
2016,39,4,9,4.108108108,5.294594595,119.6925676,20.87567568,16.70101351,11.91959459,0.680405405,101892.2297,0,,3,,,,,,3,1,,1,8,,1,2,7,16,,,1,1,,1,1,1,5,,,,,1,,2,4,2,5,2,2,2,,,7,1,,1,,1,2,,,3,,4,,,1,3,8,1,1,,4,,8,2,,,2,,,,,11,1,,,5,,,1,1,,2,,,1,3,,,1,,,,,,3,,1,1,,1,,1,4,,8,1,10,,5,3,1,,1,7,1,13,3,,1,1,,,,,5,,4,,6,18,14,42,11,1,1,1,1,,3,1,1,,,2,6,1,,2,2,5,1,,2,5,1,1,,2,,1,,2,2,2,,3,,1,,,1,,1,,
2016,40,5,10,5.359116022,3.937292818,96.4198895,18.1218232,14.15911602,10.2801105,1.876243094,101275.2762,0,1,4,,,,,,,1,,4,11,1,3,1,3,8,,2,6,3,,,,1,1,3,1,,4,1,,3,,2,1,4,3,4,,,11,1,,1,1,2,7,1,,6,1,,,1,2,3,15,,1,1,,,7,1,,,,,1,1,2,13,2,,,1,,1,2,,,,,,,,1,,,1,2,1,,1,,,,,,1,,4,4,,14,1,5,,14,7,3,1,1,7,1,11,12,1,,1,,,1,,3,,,,7,33,23,66,11,,,,,,,1,6,,,1,9,,,2,,2,3,,3,7,,,2,,2,,,,1,1,2,3,,2,,,1,2,1,,70
2016,41,1,10,5.732026144,3.308823529,76.55882353,16.36797386,13.43921569,10.19117647,0.036601307,102605.6209,0,1,3,,,,,,1,,1,3,9,1,7,1,5,8,,,1,1,,,,1,1,,,,2,2,,4,5,2,1,2,1,2,1,,6,,,1,1,,5,2,,4,,2,1,,2,2,12,,1,1,3,,7,4,,,,,,,,8,1,1,,,,,2,2,,1,,,,,1,,1,3,,2,,,,,1,,,2,1,4,8,,15,1,9,,14,1,,,4,8,,14,8,,,1,,,1,,,2,,,7,18,18,57,15,1,,2,1,,,1,1,,,1,6,2,,1,,1,,,2,4,1,1,3,,,,,1,,1,,3,,,,,,2,5,4,
2016,42,2,10,5.773388773,2.606860707,68.45530146,17.44864865,12.21850312,8.198752599,2.522661123,101078.42,0,1,4,,2,,,1,,,,8,10,1,8,3,2,4,,2,2,,,,1,1,,5,,,,1,1,12,2,1,5,1,2,3,,2,19,2,,1,2,2,4,1,2,9,,,3,,3,3,22,2,1,,2,,12,3,,,,,,1,,15,1,1,1,,,3,6,1,,3,,1,,1,,,3,,1,1,1,,4,,1,,,2,,6,10,,16,,6,,8,4,2,2,1,14,,24,6,2,,2,,1,,1,3,1,1,,11,48,36,65,19,,,,4,,1,2,2,3,1,5,6,,,3,1,2,,,2,3,1,1,3,3,1,,,,1,3,1,5,,,,,4,4,2,,
2016,43,3,10,5.16969697,2.885151515,64.50606061,13.88,10.73727273,6.985454545,0.190909091,101688.9697,0,3,5,,2,,,1,,2,,4,8,1,4,,1,3,,2,6,2,,,2,1,1,,,,,,,5,5,2,7,2,2,2,,,14,,,,1,,3,3,1,3,,,1,1,1,9,11,1,,,2,,6,3,,1,1,1,,,,13,2,1,,1,,,8,,,,,1,,,,,2,1,,3,1,,,,2,2,,,,,2,,12,,16,1,8,2,1,1,3,6,,16,8,1,1,1,,,1,1,2,3,,2,4,24,19,42,7,,1,1,2,,3,,2,2,1,1,6,,,1,1,2,1,,4,6,,,,5,3,2,1,3,,5,3,2,,,,,,1,1,,
2016,44,4,10,6.828571429,1.054603175,37.18730159,15.78603175,12.26222222,9.676825397,0.08,102965.1111,0,2,5,,,,,,1,,,2,6,1,5,1,3,5,,3,3,5,,,,,2,1,1,,2,,,3,4,1,1,1,1,1,,,11,,1,,,4,4,,1,6,,,,,2,,11,,1,,,,5,,,,,,,1,,6,1,,,2,,,,,1,1,,,,,,,2,1,1,1,,1,1,,3,1,1,,1,1,10,1,8,,3,3,11,2,1,,2,4,,9,3,,,1,,,,1,5,3,,,2,30,32,48,12,,,1,1,,,3,4,2,2,,6,2,1,2,1,,,,4,5,,1,1,1,2,1,1,,1,5,4,2,,,,,2,3,6,,
2016,45,1,11,4.373961219,2.64099723,47.58725762,9.691412742,7.48199446,3.465096953,1.320775623,101341.9668,0,5,3,,,,,1,2,,,3,14,,6,,4,4,,1,6,2,,,1,2,,,1,,,1,,5,3,3,5,,,1,,,16,1,,1,1,1,9,1,,1,,,1,,,1,7,1,,,,,11,2,,,,,,,,9,3,1,,2,,1,2,,,,,,1,,1,,1,,,2,1,,,1,,,1,,1,4,13,,14,2,4,,6,1,,,2,6,2,15,3,1,1,1,,,,,4,1,,,9,39,28,49,10,,,1,2,,2,2,5,,2,2,7,,,,,2,4,,4,10,,1,2,2,,2,,,,10,3,4,,,,1,3,,5,,
2016,46,2,11,5.187845304,2.696685083,43.15469613,11.16823204,6.578729282,2.823756906,4.479558011,101484.8343,0,2,7,,2,,,,1,,,5,9,,5,1,1,8,,1,4,4,,,2,1,,,,,1,,,6,3,2,1,2,,3,,,16,,,2,,4,8,,1,3,,,3,,1,3,23,,,1,2,,3,,,,1,,,,1,21,1,,,1,,1,1,,,2,,,,,1,,1,1,1,1,,,1,,1,,,1,,4,5,,11,1,7,3,16,6,,1,,6,3,19,7,1,1,1,,,,,5,5,1,1,10,39,30,42,17,1,1,1,3,,,,2,1,2,2,6,2,,2,1,2,,,2,1,,,,6,,1,,,,2,,2,,,,1,5,,3,,
2016,47,3,11,5.997032641,2.189317507,36.50445104,10.49465875,7.541839763,4.576854599,8.975667656,100171.7804,0,3,3,,,,,1,,1,2,3,9,1,4,3,3,2,,,1,,,,,2,,2,2,,2,1,,3,2,1,2,3,2,3,,,8,2,,,1,1,5,2,,5,,1,2,,1,3,27,1,,2,4,,9,,,,,,,,,13,3,1,1,,,,4,,,,,,2,,,,,1,1,1,2,,1,,2,,,3,1,1,1,,14,,7,1,8,3,1,,2,5,1,11,4,,2,1,,,1,1,,1,,2,8,29,20,39,12,,3,2,4,1,,4,3,1,1,2,6,2,,2,,1,,,5,2,,,,,1,2,1,,,4,2,1,,,,,4,1,2,,
2016,48,4,11,5.175879397,1.920100503,31.23115578,9.826884422,7.545728643,4.648994975,1.413065327,101496.206,0,,1,,1,,,1,,1,1,9,15,1,4,1,4,10,1,1,2,1,,,,,,,1,,2,1,,6,9,3,5,,,2,,,11,1,,2,1,1,2,,2,3,,2,4,,,3,11,,1,2,2,,6,3,,,,2,,1,,16,3,3,,1,,,4,,,1,,,,,1,,,,,,2,,,3,,2,,2,1,1,2,,12,2,7,1,9,2,2,2,2,15,,16,4,,,1,,1,2,,2,4,,,15,31,32,46,22,,1,3,2,,1,,3,1,2,1,7,1,,2,2,1,,,6,,,3,1,1,,,2,,,2,3,3,,1,,,1,1,3,,
2016,49,1,12,3.193277311,3.861344538,38.45098039,8.322689076,4.117927171,0.02605042,0.047619048,102852.3249,0,7,3,,1,,,1,1,1,1,5,10,,8,,5,24,1,1,3,3,,1,1,1,,1,,2,,,,,1,1,3,,,1,,,12,,1,,,4,8,,2,3,,2,1,,3,9,15,1,,2,,,8,2,,,,,,,1,13,3,1,,,,,1,1,,2,1,,,,,,,2,,1,1,2,,,,,,3,1,1,10,,6,1,8,,4,1,1,,1,9,1,11,4,2,1,2,,,4,,1,,,,14,31,26,29,8,,,,,,1,2,2,1,,2,5,,1,3,2,4,1,,4,7,,,1,1,1,2,1,,,10,1,4,,3,,,2,1,1,,
2016,50,2,12,5.915584416,1.49025974,23.05194805,12.17662338,10.05162338,7.338636364,1.257142857,102423.2468,0,2,1,,1,,,,,1,,5,7,,1,,1,6,,1,3,,,1,,,1,1,,,,2,,2,2,,3,2,1,3,,,11,1,,2,2,4,4,,,6,1,2,2,,1,3,10,1,,1,1,,8,,,,,,,1,,9,2,,,,,,4,,,,1,,,,,,,1,,2,,,,,,,,1,,,6,,12,1,10,2,9,5,1,,,7,1,10,11,1,1,1,,1,,,1,2,,1,4,25,20,47,13,1,,,3,,2,,6,,3,1,9,1,,2,,1,2,,2,3,,1,1,,,1,,,1,1,2,2,,2,1,,,,3,,
2016,51,3,12,8.002421308,0.033656174,12.28813559,8.978692494,7.450121065,5.107748184,0.068765133,102833.8015,0,,3,,1,,,,2,1,,1,10,1,4,1,,13,,,6,5,,1,,1,,2,1,,,1,,5,6,1,2,3,2,3,,1,20,3,1,1,6,6,5,1,,3,,,2,,,4,12,2,1,,4,,6,4,,,1,1,1,1,,17,1,,1,,,1,3,,,,1,,,,3,,2,,,,,,,,4,1,,2,,4,6,,17,2,5,,17,6,1,1,3,10,1,17,7,,2,,,,1,,4,1,,,8,35,27,85,15,,1,2,3,,1,3,3,,,1,6,,,3,3,3,1,,5,8,,1,3,2,,,,,,9,6,4,,,,1,,2,4,,
2016,52,4,12,5.36119403,1.060298507,18.97313433,11.71641791,7.382686567,3.875223881,0.537910448,102450.7761,0,2,3,2,1,,,,1,,2,2,9,2,6,2,1,21,1,1,4,,,1,,4,,1,,,1,,1,2,10,,1,,1,,,,17,,,,1,1,7,,2,3,,2,1,,1,2,10,1,2,4,,,5,2,,1,1,1,,1,2,7,,,,,,1,1,,,,,,,,2,,,,,,,,1,1,1,1,,,,1,4,2,12,,4,,14,3,1,1,1,6,2,8,5,1,,1,,1,2,,,1,,,12,22,23,64,23,2,,1,,,,3,1,,4,,13,,2,1,2,1,,,10,5,,,2,,,2,,,,3,,4,3,3,,,1,,1,,
2016,53,5,12,5.098522167,2.130788177,25.85221675,8.993842365,3.712315271,-0.477093596,0.230049261,103624.4828,0,,5,,2,,,,1,,2,4,13,,9,,,7,,2,1,6,,,,2,,3,,1,1,,,1,8,1,,1,1,3,,,19,2,,,,1,9,1,1,4,,2,3,,1,3,25,1,1,3,,,7,3,,,1,,,2,,10,2,2,,1,,,4,,,,,,,,,,4,1,1,,1,,,,,2,,1,,5,8,,9,,3,,11,3,3,1,2,4,1,15,9,1,3,1,,,1,,,1,2,,11,45,23,55,13,,,,3,,,1,,2,1,3,4,,4,7,,3,2,,9,5,1,,2,,2,,,,,5,1,4,1,,1,1,,3,2,,
